price,area,bedrooms,bathrooms,stories,mainroad,guestroom,basement,hotwaterheating,airconditioning,parking,prefarea,furnishingstatus
17756625.469560143,7730.424843410589,4,2,3,no,yes,yes,yes,no,2,no,furnished
15821830.657318901,9192.791387126801,4,4,4,no,yes,yes,yes,no,3,yes,furnished
15472176.826307666,10251.07450874563,3,2,2,no,yes,no,yes,yes,2,no,semi-furnished
17590302.602115657,7821.79533455897,4,2,2,no,yes,no,yes,no,3,no,furnished
16264435.07824785,7777.129804772702,5,1,2,no,no,no,yes,no,2,yes,furnished
14549081.544593194,7756.33069307058,3,3,1,no,yes,no,yes,no,2,no,semi-furnished
13111924.279739464,8789.350125970204,4,3,4,no,yes,yes,yes,no,2,no,semi-furnished
11819110.58380531,16424.763901168295,5,3,2,no,yes,yes,yes,yes,0,yes,unfurnished
12611413.9362934,8376.927367744334,5,1,2,no,no,no,yes,no,2,no,furnished
13373594.771186395,6044.100339973327,4,2,4,no,no,yes,yes,no,1,no,unfurnished
12976454.976218682,13618.87470041801,3,1,2,no,yes,no,yes,no,2,no,furnished
13758072.351281116,6279.506129544387,5,3,2,no,no,no,no,yes,2,yes,semi-furnished
11994054.599050974,6870.314855391684,5,2,2,no,yes,yes,yes,no,1,no,semi-furnished
11876722.75909811,3746.2213556263173,4,2,2,no,yes,yes,no,yes,2,yes,furnished
12341382.521147411,8132.820405656121,3,2,2,no,yes,yes,yes,yes,0,no,semi-furnished
11532350.545032494,6353.216045290362,4,1,2,no,yes,no,yes,yes,2,yes,semi-furnished
11916364.789344545,6953.367505780762,5,2,2,no,no,no,yes,no,1,no,unfurnished
12227635.200279618,8763.348363454741,4,2,4,no,yes,yes,yes,no,2,yes,furnished
12258399.036591241,4873.951138163127,4,2,2,no,no,yes,yes,no,2,yes,furnished
10874142.678783437,6702.932586474396,4,2,2,no,yes,yes,yes,no,1,no,semi-furnished
11026416.87639629,4695.387679170728,3,1,2,no,yes,no,no,yes,2,yes,semi-furnished
12343933.164447138,7434.244791825481,3,2,1,no,no,no,yes,no,2,yes,unfurnished
10270729.422496317,8380.65967784257,4,1,1,no,no,no,yes,no,1,yes,furnished
11634979.539839027,4808.011550546905,4,2,2,no,no,no,yes,no,1,yes,furnished
11275234.239052616,9112.083131616733,4,2,2,no,yes,yes,yes,no,2,yes,furnished
12614983.6969629,6876.294675278207,5,2,2,no,no,no,yes,no,2,no,furnished
12730960.145629382,6292.859489465428,3,2,4,no,no,no,yes,no,0,no,semi-furnished
10366441.746166434,9149.315102074472,3,1,1,no,yes,yes,yes,yes,1,yes,semi-furnished
10333802.901257195,8197.689539701016,6,2,2,no,yes,no,no,yes,2,yes,unfurnished
12166267.361989781,5822.019832294038,5,2,2,no,yes,no,yes,no,1,no,semi-furnished
9975910.020440688,7790.457283559925,3,2,4,no,yes,yes,yes,no,2,yes,unfurnished
10793575.473065019,7284.336879494965,4,1,4,no,yes,yes,yes,no,2,yes,semi-furnished
11066712.82895771,5199.964175030604,4,2,2,no,yes,yes,yes,no,1,no,furnished
11410452.607899813,6253.7494261324,3,3,2,no,no,no,yes,yes,1,yes,unfurnished
9844833.657057377,7151.663239391396,5,1,2,no,no,no,yes,no,1,yes,furnished
8811504.445284663,7180.738750029918,3,2,4,no,yes,yes,yes,no,2,yes,furnished
10622075.728900658,7846.469642535697,4,2,3,no,yes,yes,no,yes,1,no,furnished
10640123.637317963,9306.026109159084,4,2,4,no,yes,yes,yes,no,2,yes,furnished
11215184.388085162,6402.9632996031105,3,1,4,no,no,yes,yes,no,2,yes,unfurnished
11196925.984563882,6378.47731763243,5,2,4,no,yes,yes,yes,no,1,yes,semi-furnished
11106846.574696278,6767.341574639664,3,1,2,no,yes,no,yes,no,0,no,furnished
9270013.449017825,6623.216172705113,4,2,4,no,yes,yes,yes,no,0,no,furnished
10437929.591382869,6827.475277303344,3,2,4,no,yes,yes,yes,no,2,yes,unfurnished
9949935.663399508,6277.70984384987,4,2,4,no,yes,yes,yes,yes,2,yes,semi-furnished
10637338.19597939,6274.684036400096,4,2,4,no,yes,yes,yes,no,1,yes,furnished
10939090.293512084,6299.623518656218,4,2,3,no,yes,yes,yes,no,0,yes,semi-furnished
8692419.345106456,6307.501727891756,3,2,4,no,yes,yes,yes,no,1,yes,furnished
9834048.694297783,6890.0360237012665,3,1,4,no,yes,yes,yes,no,3,no,furnished
10096060.498089766,4517.023735009115,4,2,2,no,yes,no,yes,yes,1,yes,unfurnished
8693045.293719277,7838.30542812973,4,2,1,no,no,no,yes,no,0,no,semi-furnished
9394656.762550488,7670.850025142993,3,2,4,no,yes,yes,yes,yes,1,no,unfurnished
9495888.79075071,6590.0808108345245,3,1,4,no,yes,yes,yes,no,1,yes,unfurnished
9992362.42183734,6282.940633557821,4,2,4,no,no,yes,yes,no,1,yes,furnished
8098493.480703739,5391.26213485744,4,2,4,no,yes,yes,yes,no,2,yes,semi-furnished
9761677.481406987,6336.677127739355,3,2,2,no,no,yes,yes,no,1,yes,semi-furnished
8248386.982132679,6188.135729168184,4,1,2,no,yes,yes,yes,no,1,yes,unfurnished
9365817.279374182,11783.368540756232,4,1,2,no,yes,no,yes,yes,1,no,semi-furnished
9390537.849210892,9237.381024782464,5,2,4,no,no,yes,yes,no,1,no,furnished
9445941.45903825,7891.570225237946,4,2,4,no,no,yes,yes,no,1,yes,semi-furnished
9571975.126282442,6351.772763037204,3,2,4,no,no,yes,yes,no,1,yes,furnished
9918132.239485377,6291.883594882668,4,2,2,no,no,yes,yes,yes,1,yes,semi-furnished
8737320.552700566,9156.142405755334,3,1,1,no,yes,yes,yes,no,1,yes,semi-furnished
8516660.605108961,6623.744417354201,5,2,2,no,yes,yes,yes,no,1,yes,furnished
7657096.698297363,6679.039688827319,4,2,3,no,yes,yes,yes,no,2,no,furnished
8717951.325765435,11535.302914026743,4,1,1,no,yes,no,yes,no,1,no,furnished
8021339.515048593,9105.847511065309,4,2,2,no,yes,no,yes,no,1,yes,furnished
8073575.027167002,13538.541572337497,2,1,1,no,yes,no,no,yes,1,yes,furnished
8691607.813318532,7944.208983210137,3,2,1,no,yes,yes,yes,yes,2,yes,unfurnished
9067910.681716165,6208.601278732571,3,1,1,no,yes,yes,yes,no,1,yes,furnished
9169271.435889993,12388.911747080063,4,2,2,no,yes,yes,yes,yes,2,no,furnished
8856566.19513209,4276.389293517625,3,2,2,no,yes,no,yes,no,0,no,semi-furnished
9007957.554106064,6175.735584472903,4,2,4,no,yes,yes,yes,no,0,yes,unfurnished
9505235.242922425,5288.741578571406,3,1,4,no,yes,yes,yes,no,0,no,unfurnished
8859519.806447146,6853.709406188561,3,2,4,no,yes,no,yes,yes,0,no,furnished
7806762.078619937,4343.447085402881,3,1,2,no,yes,no,no,yes,1,yes,furnished
8719074.258862827,4642.520273057426,4,2,2,no,yes,yes,no,yes,0,yes,semi-furnished
9461607.841726255,6604.479133575248,3,2,3,no,yes,yes,yes,no,0,no,furnished
9125160.165414734,6726.672246460379,4,2,3,no,yes,yes,yes,no,0,no,furnished
7938673.930444719,5948.696087037038,4,1,1,no,no,no,yes,no,2,no,furnished
8165994.93021364,6406.394365030494,3,2,3,no,no,yes,yes,no,0,yes,furnished
9034619.230207026,6339.45256845399,4,1,2,no,yes,yes,no,yes,1,no,semi-furnished
9427918.314179968,4294.053962320186,3,2,2,no,yes,no,yes,no,1,yes,semi-furnished
8632205.610053275,10792.398349204143,3,2,1,no,yes,no,yes,no,1,no,furnished
8768984.658353036,6322.317690308805,4,2,4,no,yes,yes,yes,no,0,yes,semi-furnished
9143267.228372313,4026.3431062430177,3,1,2,no,yes,yes,no,yes,2,yes,semi-furnished
8750615.706280518,8595.087988468109,4,2,3,no,yes,yes,yes,no,0,yes,furnished
7937883.977748914,6973.9805141598345,4,1,3,no,yes,no,yes,yes,0,no,unfurnished
8423925.400698435,4169.929101661128,3,1,1,no,yes,no,yes,yes,2,yes,semi-furnished
8962397.34824717,7645.451088147756,4,1,1,no,no,no,yes,no,2,no,unfurnished
7928546.7383957375,8923.097151069438,6,3,2,no,yes,yes,yes,yes,2,yes,furnished
8522425.11206284,5270.076810522557,4,1,2,no,yes,yes,yes,no,0,yes,semi-furnished
8259895.09085358,7091.059443094154,3,1,1,no,no,no,yes,yes,2,no,furnished
7473747.9617738435,5083.468045189814,3,2,4,no,no,yes,yes,no,0,yes,furnished
7767487.200540971,7461.640332103941,4,2,1,no,yes,no,yes,no,3,yes,semi-furnished
7458305.227720168,6266.123475951884,5,2,4,no,yes,yes,yes,yes,1,yes,semi-furnished
7728360.302207575,4346.505355948751,3,2,3,no,yes,yes,yes,no,2,yes,semi-furnished
6699404.401071636,9392.47649284544,4,1,1,no,yes,no,yes,yes,1,no,furnished
8033368.174513877,6642.047746453864,4,1,1,no,no,no,yes,no,1,no,semi-furnished
8375863.8689287,6877.377710282361,4,2,3,no,yes,yes,yes,no,0,no,unfurnished
8671807.562044868,6353.756992388017,4,1,3,no,no,no,yes,yes,0,no,unfurnished
7755878.9752460895,6986.166352038012,4,2,1,no,yes,no,yes,no,0,no,unfurnished
7954742.4635116765,5846.781768278431,3,1,3,no,yes,yes,yes,yes,1,no,unfurnished
8035609.531918825,5833.660914058739,3,2,4,no,no,yes,yes,no,1,yes,semi-furnished
7889241.359918376,6663.124202745889,3,2,3,no,no,yes,yes,no,0,yes,furnished
8671316.415725244,5774.630217930944,3,2,1,no,no,no,yes,yes,2,no,furnished
7530841.59394526,4745.114357916305,4,1,4,no,yes,yes,yes,no,0,yes,unfurnished
8300875.867577535,5851.948517592307,5,2,1,no,yes,no,yes,no,0,no,semi-furnished
8220300.41155209,6697.609696028548,4,1,3,no,yes,no,yes,yes,0,no,unfurnished
7675534.650892172,3445.467290728497,5,1,3,no,yes,yes,yes,yes,1,yes,semi-furnished
7811754.553301332,6927.506850957864,4,2,2,no,no,yes,no,yes,1,yes,semi-furnished
8135812.46408982,6866.323539631005,3,1,1,no,no,no,yes,yes,2,no,semi-furnished
8286178.129379174,8686.409104899356,3,1,3,no,yes,yes,yes,no,2,yes,unfurnished
7989171.2345833415,4594.665826051789,6,2,2,no,yes,yes,yes,yes,0,yes,furnished
8929751.899500733,9963.295961083464,4,1,1,no,yes,no,yes,yes,2,no,furnished
8825199.600436388,7154.62301766058,2,1,1,no,no,no,yes,yes,2,yes,furnished
7866179.422128156,8343.28989912532,3,1,1,no,no,no,yes,no,2,no,semi-furnished
7779540.099968947,7140.456656866409,3,2,1,no,no,no,yes,yes,0,no,unfurnished
7441394.702534079,4027.4621158618484,4,1,2,no,no,yes,yes,no,0,yes,furnished
6995487.8868512,6710.6363916030705,4,1,1,no,yes,no,yes,no,0,no,furnished
8446325.613916315,7324.105322977831,4,1,1,no,yes,no,yes,no,2,no,semi-furnished
7797200.440884507,6767.443007479501,4,1,1,no,no,no,yes,yes,2,no,furnished
7475059.735398744,7588.440309789108,3,1,2,no,no,no,yes,no,0,no,semi-furnished
7564776.659617243,6458.269655370745,5,2,1,no,yes,no,yes,yes,1,no,semi-furnished
8364007.204471862,7596.5666989386245,5,2,2,no,yes,yes,yes,yes,0,yes,furnished
7209718.784442738,6899.599430388444,4,2,4,no,yes,yes,yes,yes,1,yes,furnished
7932774.859528324,15835.762616338998,4,1,1,no,yes,yes,yes,no,2,yes,semi-furnished
8405431.420614036,7490.1219533111935,3,1,1,no,yes,no,yes,yes,2,no,unfurnished
7467255.161204737,6819.349322791259,4,2,3,no,yes,yes,yes,no,0,yes,unfurnished
7885350.97793764,5846.6728248172785,4,1,3,no,no,yes,yes,no,1,yes,furnished
7226810.8204046255,11785.108541003314,4,1,3,no,yes,yes,yes,yes,2,no,semi-furnished
6991497.015307305,5121.496214529093,3,1,1,no,no,no,yes,yes,0,yes,unfurnished
8108387.962879685,6181.045460547094,5,1,4,no,no,yes,yes,yes,0,yes,semi-furnished
7708572.2679621,5530.112133990887,4,1,3,no,yes,yes,yes,no,0,yes,semi-furnished
7814051.053751371,5111.014083281595,4,1,3,no,yes,yes,yes,no,0,yes,unfurnished
7190324.036889519,7320.1735255068,4,1,1,no,yes,no,yes,yes,2,no,semi-furnished
7842021.929228215,6216.737665923266,4,2,4,no,yes,yes,yes,no,0,yes,unfurnished
7542100.125075334,5690.841166790972,5,2,2,no,yes,yes,yes,no,2,yes,unfurnished
7087605.62576432,4890.775631596004,5,1,2,no,yes,yes,yes,yes,1,yes,semi-furnished
5952757.108545576,5255.307625720735,4,1,3,no,yes,yes,yes,no,0,yes,semi-furnished
7310126.057612019,6704.392594031868,4,1,1,no,no,no,yes,no,2,no,furnished
7554084.282845574,6160.108271825651,3,2,4,no,yes,yes,yes,no,0,yes,unfurnished
6613385.416839809,6999.4225040982765,5,2,2,no,no,no,yes,yes,1,no,semi-furnished
7418131.209480117,10843.490658165667,4,2,2,no,yes,yes,yes,yes,1,yes,semi-furnished
7645857.725695926,5019.5337622621255,5,2,3,yes,yes,no,no,yes,0,yes,unfurnished
8099810.828638533,5011.13938643549,5,1,2,no,no,no,yes,no,1,yes,furnished
7468154.474611011,5329.4529259403525,4,1,4,no,yes,yes,yes,yes,0,yes,furnished
7741065.582622157,10777.152203583939,3,1,1,no,yes,yes,yes,yes,1,yes,semi-furnished
7596949.687624833,5767.0978069468165,3,2,2,no,yes,yes,yes,yes,1,yes,semi-furnished
7092117.955380836,6656.14908669668,3,1,3,no,yes,yes,yes,yes,0,no,semi-furnished
8167355.8971696645,6871.825166440636,5,2,1,no,yes,no,yes,yes,0,no,semi-furnished
7024530.060189223,5571.061382391921,3,1,2,no,no,no,yes,no,0,no,unfurnished
7541602.5191314975,4692.5117091394895,4,1,2,no,yes,yes,yes,no,2,no,semi-furnished
7005485.655565999,5758.175243557121,6,1,2,no,no,no,yes,no,0,no,furnished
7070833.959810509,3594.803047142565,4,3,2,no,yes,no,yes,yes,0,yes,semi-furnished
6616831.609578675,3818.952039429465,4,2,2,no,yes,yes,yes,yes,2,yes,semi-furnished
6371588.820917317,6421.67612846566,3,2,1,no,yes,no,yes,yes,2,no,furnished
7049888.682912406,7194.273994300864,3,1,1,no,no,no,yes,yes,0,no,semi-furnished
6556344.081073131,3060.1148562719277,5,2,2,yes,no,no,yes,yes,1,yes,furnished
6131905.9693755405,8244.503490144727,3,1,1,no,yes,yes,yes,yes,2,yes,semi-furnished
7073439.230919563,3502.447460412322,3,2,1,no,no,no,yes,no,0,yes,furnished
8113400.518631977,6521.315471984308,5,1,4,no,no,yes,yes,no,0,yes,furnished
7221869.560692756,6300.93959402374,4,1,3,no,no,yes,yes,no,0,no,semi-furnished
6614415.001266515,6932.082660252499,4,2,2,no,no,no,yes,yes,0,no,semi-furnished
7035824.87529973,7183.78992117293,3,1,1,no,no,no,yes,no,0,no,semi-furnished
7375763.679591939,7088.186529855637,4,2,2,no,no,no,yes,yes,1,no,furnished
6997913.041012246,6837.927327556157,4,2,1,no,no,no,no,yes,0,yes,unfurnished
7476277.868374798,8058.164163215579,4,1,1,no,yes,no,yes,no,2,no,unfurnished
6435985.3151999805,4845.916257900644,2,2,1,no,yes,yes,yes,no,2,yes,semi-furnished
7119688.004033014,4621.545564101997,4,1,2,no,yes,no,yes,no,0,yes,furnished
6283873.183964217,6816.824629729996,4,2,2,yes,yes,yes,yes,no,0,yes,semi-furnished
7480159.5094816955,5777.303174424977,3,2,1,no,yes,no,yes,yes,0,yes,semi-furnished
7845228.728698686,10559.618656007708,4,1,1,no,yes,yes,yes,yes,1,no,semi-furnished
6939718.846232708,8638.369666559589,3,1,2,no,no,no,yes,no,2,no,unfurnished
7349569.653683655,5667.155232473417,5,2,1,no,yes,yes,yes,no,0,no,unfurnished
7723985.364310456,4115.559242713101,4,1,2,no,no,no,yes,yes,1,no,unfurnished
7639968.010129117,10089.189943885465,5,2,2,no,no,yes,yes,yes,2,yes,semi-furnished
6322571.389261099,8807.469336707467,3,1,1,no,yes,yes,yes,no,2,yes,furnished
7021441.386725526,6335.814329300842,4,1,1,no,yes,no,yes,yes,0,no,semi-furnished
7024503.038373561,7423.2110338180855,3,1,1,no,no,no,yes,yes,2,no,semi-furnished
5993261.977910949,3434.37698600558,4,2,2,no,yes,yes,yes,yes,2,yes,semi-furnished
6298452.5641019875,4807.252000583769,4,2,1,yes,yes,no,yes,no,2,yes,semi-furnished
7135076.97443704,7501.366701860108,3,1,2,no,no,no,yes,yes,1,no,furnished
7773078.730568546,3780.123108118258,4,1,2,yes,yes,yes,yes,no,0,yes,semi-furnished
5565966.251445893,8286.94848625853,4,1,1,no,yes,yes,yes,yes,1,no,semi-furnished
7690822.990970461,3294.536220381426,4,2,2,no,no,no,yes,yes,0,yes,furnished
6417237.53862058,3347.5950742276236,3,1,2,no,yes,no,yes,yes,0,yes,unfurnished
6128251.647113622,11697.558789058374,3,1,2,no,yes,yes,yes,yes,0,no,furnished
6706313.801437028,6402.559971367871,3,1,1,no,yes,no,yes,no,0,no,semi-furnished
7017902.569001534,6058.507701819245,2,1,2,no,yes,yes,yes,no,0,no,unfurnished
5945091.680050227,3871.4346156565216,2,1,1,yes,no,no,yes,yes,0,yes,semi-furnished
6442556.350135927,7970.570574878651,5,1,2,no,yes,yes,yes,no,2,yes,furnished
6729922.345364359,11002.764751581175,4,1,2,no,no,no,yes,yes,0,yes,semi-furnished
6476020.25488473,6884.179494810267,4,1,1,no,no,no,yes,yes,0,no,furnished
6376295.238693355,5021.803186069062,2,1,1,no,no,no,yes,yes,0,yes,semi-furnished
6449983.777414435,8493.970735400875,3,2,1,no,no,no,yes,yes,0,yes,semi-furnished
6620002.128007039,4697.88843640837,4,3,2,no,yes,no,yes,yes,2,yes,semi-furnished
6416140.822888126,7965.0932824134525,3,1,1,no,no,no,no,yes,0,yes,semi-furnished
6935880.326999983,3044.809235328585,4,2,2,yes,yes,no,yes,no,1,yes,semi-furnished
6712244.495489921,6270.411137920097,3,1,2,no,yes,yes,yes,no,0,yes,semi-furnished
6891780.897747903,4466.202782456941,3,1,2,no,yes,yes,yes,yes,1,yes,furnished
6999073.957021298,4912.621575675397,4,1,2,no,yes,no,yes,no,0,yes,semi-furnished
6725134.758584994,4392.992837588054,3,1,2,yes,no,no,yes,no,0,yes,semi-furnished
6618481.176756558,4407.721742115106,3,1,1,no,yes,no,yes,yes,1,yes,semi-furnished
6080909.2633465575,5709.921619439877,5,1,2,no,yes,yes,yes,yes,0,yes,semi-furnished
5919140.453328919,5116.052104639718,4,1,1,no,no,no,yes,yes,0,yes,semi-furnished
5962461.94857829,6557.092910992333,4,1,1,no,yes,yes,yes,no,2,yes,semi-furnished
5374419.75962386,6124.060038224216,2,1,1,no,no,no,yes,no,0,yes,semi-furnished
5735604.676861247,3321.738453528743,4,1,2,no,yes,no,yes,no,0,yes,semi-furnished
6376272.002841329,3295.9375820618,4,1,3,no,yes,yes,yes,yes,0,yes,semi-furnished
5866808.599089962,7027.012332843111,4,1,1,no,yes,yes,yes,yes,0,yes,unfurnished
5709746.583313051,4947.143918787884,4,1,2,no,no,no,yes,yes,2,yes,semi-furnished
6638143.16561602,13218.181550951047,4,1,1,no,yes,yes,yes,yes,2,yes,furnished
6454208.881227998,3736.641159574502,4,2,2,no,yes,no,yes,no,2,yes,semi-furnished
6728347.3758267425,5259.667204564217,4,2,1,no,yes,no,yes,yes,0,yes,semi-furnished
5839365.664061355,4646.909503687805,2,1,1,no,yes,no,yes,yes,0,yes,unfurnished
6770072.970790694,4486.199075723766,4,1,3,no,yes,yes,yes,yes,0,yes,unfurnished
6267039.255858495,6417.323295090553,4,1,1,no,yes,yes,yes,yes,2,no,semi-furnished
6538187.080238853,7212.624560958595,3,1,2,no,yes,yes,yes,no,2,no,furnished
6137930.5917417295,5096.292948701754,2,1,1,no,yes,yes,yes,no,0,no,semi-furnished
5426955.292195854,7226.105156655038,3,1,2,no,yes,no,yes,yes,0,yes,unfurnished
5696526.135917709,8412.756937568183,5,1,4,no,yes,no,yes,no,2,yes,semi-furnished
6523836.212617106,3698.5592029391214,5,2,2,no,yes,yes,yes,yes,0,yes,semi-furnished
6051833.976036017,9432.999620776738,3,1,1,no,yes,no,yes,no,2,yes,semi-furnished
5805820.387518496,6635.091099989973,4,1,2,no,yes,no,yes,no,1,yes,furnished
6875219.71891578,10593.289234571635,2,1,1,no,yes,yes,yes,no,2,no,unfurnished
7041456.615915291,6730.01619748447,3,1,1,no,yes,yes,yes,no,3,yes,semi-furnished
6069841.586499067,5408.053436374881,3,1,4,no,yes,yes,yes,no,0,yes,semi-furnished
6617209.499724013,6346.942867808354,2,1,1,no,yes,no,yes,no,1,yes,furnished
6281681.774930876,3931.792364106877,4,1,2,no,yes,yes,yes,yes,2,yes,semi-furnished
6811061.033564395,9993.067432549205,4,2,2,no,no,no,yes,yes,1,yes,semi-furnished
5746308.597502429,5683.386200993578,2,1,2,no,yes,yes,yes,yes,0,no,semi-furnished
6063805.511959081,4623.559213775482,3,1,1,no,yes,yes,yes,yes,0,no,semi-furnished
6366745.692298662,4014.4432982629146,3,1,2,no,yes,no,yes,yes,0,yes,furnished
6398671.147979567,4512.151510956951,4,1,1,no,no,no,yes,no,0,yes,unfurnished
6496580.323082828,4160.405590350809,4,2,2,no,yes,no,yes,yes,2,yes,semi-furnished
4857466.25699355,6129.325482754931,4,1,2,no,no,yes,yes,no,1,yes,semi-furnished
5857547.326879807,3159.3064938864236,3,1,2,no,no,no,yes,yes,0,no,semi-furnished
5669031.920127869,5276.703484677683,4,1,2,no,yes,no,yes,yes,0,yes,semi-furnished
6627513.353931642,4829.319611689853,5,2,2,no,yes,no,yes,yes,0,yes,semi-furnished
6080498.515660646,4247.924528345101,3,1,2,no,yes,yes,yes,yes,1,yes,furnished
5690344.403520256,4190.755835855196,4,1,2,no,yes,yes,yes,yes,1,no,semi-furnished
5989765.6175982095,4068.356151178536,3,1,1,no,yes,yes,yes,yes,2,yes,semi-furnished
5305185.545564008,3970.9847188014237,4,1,2,no,yes,yes,yes,no,0,yes,furnished
6233719.263380654,2841.3868189244795,4,1,2,no,yes,no,yes,yes,0,yes,furnished
5686181.516457224,5547.266075249898,4,1,2,no,no,no,yes,yes,0,no,semi-furnished
5532637.4385366775,5608.752597652296,3,1,2,no,yes,yes,yes,yes,2,no,unfurnished
6285215.284450597,3794.358414634781,3,1,1,no,yes,yes,yes,yes,0,no,semi-furnished
6285205.089384019,8715.948942031453,5,1,4,no,yes,yes,yes,yes,3,yes,unfurnished
6029674.353625291,4452.692633343607,3,2,1,no,no,no,yes,yes,0,yes,semi-furnished
5923709.464978289,5229.990809052029,5,2,2,no,no,no,yes,yes,0,no,furnished
5655814.013816278,3841.509287543062,4,1,3,no,yes,yes,yes,yes,0,yes,semi-furnished
6309379.101768222,3768.7203248960395,4,1,2,no,yes,no,yes,yes,1,yes,semi-furnished
5380836.637007695,10110.822982645837,4,1,1,no,yes,yes,yes,yes,0,yes,semi-furnished
5589037.376900847,3831.6527378402334,3,1,2,no,yes,yes,yes,yes,0,no,furnished
6022295.905561779,4848.542101777285,5,1,2,no,yes,yes,yes,no,2,yes,semi-furnished
5949230.0834135935,6131.316911172142,2,1,1,no,yes,yes,yes,no,1,yes,unfurnished
5406626.570912491,4224.668789523101,4,1,2,no,yes,yes,yes,yes,2,yes,furnished
5640673.020936838,8592.198758261167,3,1,1,no,yes,yes,yes,yes,0,yes,furnished
5730998.524776023,4322.556676858105,3,1,2,no,yes,yes,yes,yes,1,yes,semi-furnished
6367103.718426656,6653.593866375146,3,1,1,no,yes,no,yes,no,1,yes,furnished
5933944.329190355,3530.3637233937934,3,1,2,no,yes,yes,yes,no,1,yes,furnished
5135471.396701754,3905.8571832732564,3,1,2,no,yes,yes,yes,yes,0,yes,semi-furnished
6145827.897323999,4106.133698670197,3,1,1,no,no,no,yes,yes,0,yes,semi-furnished
5313302.26543175,4271.79516999955,3,1,2,yes,yes,yes,yes,yes,0,yes,semi-furnished
5485923.605032286,5161.231199298472,2,1,2,no,yes,no,yes,yes,0,yes,semi-furnished
5008319.638873558,3252.235612475806,3,1,2,no,yes,yes,yes,yes,0,no,semi-furnished
6478631.58482954,5183.5632257689,4,1,1,no,yes,yes,yes,yes,2,no,unfurnished
5560687.625266304,5303.526550553665,3,1,2,no,yes,yes,yes,yes,1,yes,semi-furnished
4848847.644760095,5312.200014585571,5,1,2,no,yes,yes,yes,no,0,yes,semi-furnished
6081468.189508744,4201.5627351997855,3,1,2,no,yes,yes,yes,yes,0,yes,unfurnished
5600288.870575275,4821.661085910232,4,2,3,no,yes,yes,no,yes,1,yes,furnished
5268563.2805602085,2218.073987338684,5,1,2,yes,yes,no,yes,yes,0,yes,semi-furnished
6237170.314467818,4419.190432188637,3,1,1,no,no,no,yes,yes,2,yes,semi-furnished
5099026.41801724,3761.969093144882,5,1,2,no,yes,yes,yes,yes,2,yes,furnished
5092681.078891961,6782.858938024501,4,1,2,no,yes,yes,yes,yes,0,yes,semi-furnished
5304313.86928284,4290.169537792337,2,1,1,no,yes,no,yes,yes,0,yes,furnished
5958106.109610858,4750.80206558114,3,1,1,no,yes,yes,yes,yes,1,yes,semi-furnished
4968712.2376542445,10613.247232899193,3,1,1,no,yes,yes,yes,yes,1,no,semi-furnished
5564871.789337335,3740.672204516421,4,1,2,no,yes,no,yes,yes,2,no,semi-furnished
6462865.871255272,6614.256902206143,2,1,1,no,yes,yes,yes,yes,0,yes,furnished
6144857.6167246755,6668.705467984559,2,1,2,no,yes,yes,yes,yes,0,yes,unfurnished
6135359.647023843,4849.261754633308,2,1,1,no,yes,yes,yes,no,2,yes,furnished
5627689.408873082,2471.5731357496634,4,1,2,yes,no,no,yes,no,0,yes,unfurnished
5495594.815480275,4631.224819332201,5,1,2,no,yes,yes,yes,yes,0,yes,furnished
5395879.94425838,8117.98771125362,3,1,1,no,yes,yes,yes,yes,1,yes,furnished
5712923.7052920805,6974.151715165741,3,1,2,no,no,yes,yes,yes,0,yes,semi-furnished
5338799.68918901,3096.5720244519,4,1,1,no,yes,no,yes,yes,0,no,furnished
5200470.49772813,5804.287971772308,4,1,2,no,yes,yes,yes,no,0,yes,unfurnished
5295562.575600919,5274.443428924604,3,1,2,no,yes,no,yes,no,0,yes,unfurnished
5147616.877165626,6068.607841648431,2,1,1,no,no,no,yes,yes,2,yes,semi-furnished
4933781.406815136,2924.337353290025,4,3,2,yes,yes,yes,yes,yes,0,yes,semi-furnished
5243764.89307689,3245.545225255669,4,1,2,no,yes,no,yes,no,0,yes,unfurnished
4554716.750932153,3008.0856597940206,4,2,2,yes,yes,yes,yes,yes,0,yes,semi-furnished
5256819.5592526,4714.146597027268,3,1,1,yes,yes,yes,yes,yes,1,yes,unfurnished
5297213.568223435,4322.7691465688795,4,2,2,yes,yes,yes,yes,yes,0,yes,semi-furnished
5024539.411882432,2651.182887026438,4,1,2,yes,yes,yes,yes,yes,0,yes,semi-furnished
5107460.85546409,4858.40811170448,3,2,2,no,yes,yes,yes,no,1,yes,semi-furnished
5263268.882520597,3908.2835940442296,3,2,2,no,yes,no,yes,yes,0,yes,unfurnished
5266546.665694783,6160.437752845214,3,1,1,no,yes,yes,no,yes,2,yes,semi-furnished
5692139.304124115,7321.259250648034,3,1,1,no,yes,yes,yes,yes,3,yes,furnished
5423361.48119477,4290.8558094980635,3,1,3,no,yes,yes,yes,yes,0,yes,semi-furnished
5678234.600873109,3736.0367628384297,4,1,2,no,yes,yes,yes,yes,0,no,semi-furnished
5398021.1055646315,2462.5955388028847,4,1,3,no,yes,yes,yes,yes,1,no,unfurnished
5765051.70274743,4767.201383042951,3,1,1,no,yes,no,yes,yes,0,yes,furnished
5158330.263013833,8680.284265003005,4,1,1,no,yes,no,yes,yes,3,yes,semi-furnished
5042636.562988739,3829.2323298033957,4,1,2,no,yes,yes,yes,yes,1,yes,semi-furnished
5103536.647358865,5161.584628605867,4,1,2,no,yes,yes,yes,yes,1,yes,semi-furnished
5246859.451419219,4418.115618306898,4,1,2,no,yes,yes,yes,yes,2,yes,semi-furnished
5191701.99153191,4272.162045014049,3,1,2,no,yes,no,yes,yes,1,yes,semi-furnished
5415637.373692782,4931.424880659494,5,1,2,no,yes,yes,yes,no,0,yes,semi-furnished
4744510.036736649,6327.490169586754,4,1,1,no,yes,no,yes,yes,0,yes,semi-furnished
5208989.943339067,6355.416782788844,2,1,1,no,yes,no,yes,yes,1,yes,semi-furnished
4966187.506289929,3949.8665553950527,3,1,1,no,yes,no,yes,no,0,no,furnished
4616443.361321822,3990.209623310902,4,2,2,no,yes,yes,yes,yes,0,yes,semi-furnished
5515269.989638497,4332.873164388347,3,1,2,no,yes,yes,yes,yes,1,yes,semi-furnished
5013138.02801703,5899.671975243912,2,1,1,no,yes,yes,yes,no,0,yes,semi-furnished
5251086.196053401,6245.59996957506,5,2,2,yes,yes,no,yes,yes,1,yes,unfurnished
5210476.770488234,5341.710338817449,4,2,2,no,yes,yes,yes,yes,2,yes,unfurnished
5059063.0768274665,4636.352410280681,4,1,1,no,yes,yes,yes,yes,0,yes,semi-furnished
5710645.27416358,3308.0867359392114,4,1,3,no,yes,no,yes,no,2,yes,semi-furnished
5001909.012491029,4650.666613642542,3,1,2,no,yes,yes,yes,yes,2,no,furnished
5418894.892597954,4037.1049690506343,4,2,2,no,yes,yes,no,yes,2,yes,semi-furnished
6053066.991484487,3806.2899093679584,4,2,1,no,yes,no,yes,no,1,yes,furnished
4607053.108055617,5635.838370912728,3,1,1,no,yes,yes,yes,yes,3,yes,semi-furnished
5072397.008451154,4820.6876491460125,4,1,2,yes,yes,no,yes,no,0,yes,semi-furnished
4549210.8298822185,3674.4738950577826,5,1,2,no,yes,yes,yes,no,0,yes,semi-furnished
5284631.41892055,4373.269490297601,4,1,1,yes,yes,no,yes,yes,0,yes,unfurnished
5616083.86312797,6842.243770999435,3,1,2,yes,yes,yes,yes,no,1,yes,semi-furnished
5112049.340699234,4795.094630499047,3,2,2,yes,yes,no,yes,no,0,yes,semi-furnished
5080463.942991421,4174.331591182276,3,1,2,no,yes,yes,yes,yes,0,yes,furnished
4913907.811363098,4392.769846857064,3,1,2,no,no,no,yes,yes,0,no,unfurnished
4429102.224097995,7564.671080010035,4,2,1,no,no,no,yes,yes,3,yes,furnished
5438615.82213704,5732.936646834771,5,1,2,no,no,no,yes,yes,0,yes,semi-furnished
4833629.340736075,3259.191961580976,4,1,2,no,yes,yes,yes,yes,0,yes,semi-furnished
4442811.517326078,3587.4778279762927,2,1,1,no,yes,yes,no,yes,1,yes,furnished
5433534.611724068,4150.204480913257,3,1,1,no,yes,no,yes,no,2,yes,furnished
4784772.934056151,8381.100458913892,3,1,1,no,yes,yes,yes,no,2,yes,semi-furnished
5074540.253118398,2401.1573062484954,5,2,1,no,yes,no,yes,yes,0,no,unfurnished
5209680.592184709,4147.663697758745,3,1,2,no,no,no,yes,yes,0,yes,semi-furnished
4782419.53875517,3575.4209283693863,5,2,2,no,yes,yes,yes,yes,0,yes,furnished
5668886.670798391,5583.6098751076215,6,2,2,no,yes,yes,yes,yes,0,yes,semi-furnished
5497511.177638978,3434.271246745997,3,2,1,no,yes,no,yes,yes,2,yes,semi-furnished
5028482.540082469,7445.625083309318,3,1,2,no,yes,yes,yes,no,0,yes,furnished
5172903.09264802,4362.321024484732,2,1,1,no,yes,yes,yes,yes,0,yes,semi-furnished
5382391.181851073,4015.5523346619666,2,1,1,no,yes,yes,yes,yes,0,yes,semi-furnished
5582130.179251622,2283.801667654372,3,1,2,no,yes,no,yes,yes,0,no,semi-furnished
4915909.721738807,2497.505568346662,3,1,2,no,no,yes,yes,yes,0,no,semi-furnished
5069751.224270111,3711.042530587646,3,1,2,no,yes,yes,yes,yes,0,yes,unfurnished
5818762.790409605,3447.511081179883,2,2,1,yes,yes,no,yes,yes,0,yes,semi-furnished
4476063.703392721,5149.9121260610345,3,1,2,no,yes,yes,yes,yes,0,yes,semi-furnished
5318654.003065354,3745.037067587664,3,1,2,no,yes,yes,no,yes,1,yes,semi-furnished
5290076.84012533,3827.638081531174,2,1,1,no,yes,yes,yes,yes,0,yes,semi-furnished
5494120.966105325,6155.862175416321,3,1,1,no,yes,yes,yes,yes,2,yes,unfurnished
4607131.190233984,3056.5263788074685,4,1,3,no,yes,yes,yes,yes,0,no,furnished
4721473.58328037,8694.87016671677,3,1,1,no,yes,yes,yes,yes,1,yes,furnished
4954673.313384216,8446.729569449943,3,1,1,no,yes,yes,yes,yes,2,yes,furnished
5138257.705105911,2778.1249873889824,5,2,1,yes,yes,no,yes,no,1,yes,furnished
4879110.021205501,7301.414636506363,4,1,2,yes,yes,yes,yes,yes,1,yes,furnished
4783523.234371474,3805.0658299573784,2,1,1,no,yes,yes,yes,yes,0,no,semi-furnished
5358809.729857571,3987.6670098097047,4,1,1,no,yes,yes,yes,yes,1,yes,unfurnished
5014943.409896042,4272.177760488876,3,1,1,no,yes,yes,yes,yes,0,yes,semi-furnished
5029600.503367212,6370.79600562499,4,1,1,no,yes,yes,yes,yes,0,yes,semi-furnished
4981700.8155393535,4281.928616951767,3,1,1,no,yes,yes,yes,yes,0,yes,furnished
4817454.340454451,3817.7224443230807,3,1,1,no,yes,yes,no,yes,0,yes,semi-furnished
4904044.566005831,3331.0650956098953,3,1,2,yes,yes,no,no,yes,0,yes,semi-furnished
5047820.48867197,5832.2952884321185,2,1,1,no,yes,yes,yes,yes,0,yes,furnished
5727740.848876957,3947.758938870613,3,1,1,no,yes,no,yes,yes,0,yes,furnished
5144691.34465842,3877.359053211465,2,1,1,no,yes,yes,yes,no,0,yes,unfurnished
4800057.52147774,5975.132140169563,3,1,1,yes,yes,yes,yes,yes,0,yes,semi-furnished
4370247.05522068,3959.300960668265,3,1,1,no,yes,yes,yes,yes,0,yes,furnished
4432359.3744429285,4594.123811453043,3,1,1,no,yes,yes,yes,no,2,yes,semi-furnished
4461503.124725031,3813.8060426523107,4,1,2,no,yes,no,yes,yes,0,yes,semi-furnished
4491981.795765529,3496.429523711707,3,1,2,yes,yes,no,yes,yes,0,yes,semi-furnished
4175586.1204122202,3297.3069419267686,2,1,2,no,yes,yes,yes,no,0,yes,furnished
4650487.1721746465,3761.513013443103,2,2,1,no,yes,no,yes,yes,0,yes,semi-furnished
5025653.3637017915,6192.549762366902,4,1,2,no,no,no,yes,yes,0,yes,unfurnished
4709833.640651328,4384.130611646597,3,2,2,no,yes,yes,yes,yes,2,yes,semi-furnished
4220286.190985833,3240.5878809149235,4,2,2,yes,yes,no,yes,yes,0,no,unfurnished
4897715.534430792,2516.632053497398,4,1,3,no,yes,yes,no,no,0,no,semi-furnished
4951824.939124418,3820.0297487911457,3,1,1,no,yes,yes,yes,yes,2,no,unfurnished
4073751.223709997,4741.49599390142,3,1,1,no,yes,yes,yes,yes,0,yes,semi-furnished
3953841.7473555193,4233.582192533743,3,1,1,no,yes,yes,yes,yes,0,no,semi-furnished
4925966.927694148,3418.5427888363774,3,1,2,no,yes,no,yes,yes,0,yes,furnished
4544078.403433176,4890.709925797235,5,2,2,no,yes,no,yes,yes,2,yes,furnished
4604950.864001522,4814.221274312495,3,1,1,yes,yes,yes,yes,yes,0,yes,furnished
5138006.285436648,3942.12591825446,3,1,1,no,yes,yes,yes,yes,0,yes,unfurnished
4289596.826680627,4184.759781004126,4,1,1,no,yes,yes,yes,yes,2,yes,unfurnished
4489231.581784971,4483.837874544094,3,1,2,no,yes,yes,yes,no,0,yes,semi-furnished
4464002.774691934,3966.9891764207564,4,1,2,no,yes,yes,yes,yes,0,yes,unfurnished
4606059.801378081,4908.162890217911,4,1,2,no,yes,yes,yes,yes,0,yes,semi-furnished
4592139.902592895,2410.734789993833,4,2,2,yes,yes,yes,yes,yes,0,yes,unfurnished
4961107.17070177,3311.4035656781602,4,1,2,no,yes,no,yes,yes,0,yes,semi-furnished
4768405.257471628,4310.983858250608,4,1,2,no,yes,yes,yes,yes,0,yes,semi-furnished
4651741.588145654,7687.089567708766,4,1,1,yes,yes,yes,yes,yes,0,yes,unfurnished
4382446.946471506,3717.6681340999894,4,1,1,yes,yes,yes,yes,no,0,yes,unfurnished
4052108.0151298833,3900.1928233297886,7,1,2,no,yes,yes,yes,yes,1,yes,unfurnished
4587504.73787812,4036.380636597408,3,1,1,no,yes,yes,yes,yes,1,yes,semi-furnished
4860649.135673326,6160.090993387356,2,1,1,no,yes,yes,yes,yes,1,yes,furnished
4726460.819016315,3426.2626302153794,4,1,2,no,yes,yes,yes,yes,1,yes,unfurnished
4463530.025655181,7687.088424224572,3,1,1,no,yes,yes,yes,yes,1,yes,semi-furnished
4758641.387267166,3861.043262293108,3,1,1,no,yes,yes,yes,yes,1,no,unfurnished
4255438.7511616,9814.560021206067,3,1,2,no,yes,yes,yes,yes,3,no,unfurnished
4572203.840321184,6226.946574528681,3,1,1,no,yes,yes,yes,yes,0,yes,unfurnished
3925587.2793779233,13197.477859443634,3,1,1,no,yes,yes,yes,yes,0,yes,unfurnished
5042040.125247159,5200.316779860358,4,1,2,yes,yes,yes,yes,yes,0,yes,unfurnished
3924076.1554629346,3323.323560949935,3,1,1,no,yes,yes,yes,yes,0,yes,unfurnished
4948603.935744857,5589.3871223839915,3,1,1,no,yes,yes,yes,yes,1,no,unfurnished
4267932.149041025,2457.2915124555348,4,1,3,no,yes,yes,yes,yes,0,no,furnished
4616229.106088711,4330.88351604036,3,1,1,no,yes,yes,yes,yes,0,yes,unfurnished
4975144.861406766,3539.342269468718,2,1,1,no,yes,yes,yes,yes,2,yes,unfurnished
4925911.553190617,4239.283227730853,4,1,1,no,yes,yes,yes,yes,0,yes,unfurnished
4628070.115309908,2485.2634033215845,3,1,3,no,yes,yes,yes,yes,0,no,furnished
4954219.499510255,2932.1905097425342,4,1,2,no,yes,no,yes,yes,0,no,unfurnished
4428080.330511452,2230.0276141689537,4,2,2,no,yes,no,yes,yes,0,no,unfurnished
4749195.183499488,4313.6055936658095,3,1,1,no,yes,yes,yes,yes,0,yes,unfurnished
4030837.4597394904,5051.779300807774,4,1,2,no,no,no,yes,no,1,yes,furnished
3734837.0225821743,3770.1585212433793,4,1,1,no,yes,no,yes,yes,2,yes,unfurnished
4376319.590957954,3997.9765307364646,2,1,1,no,yes,yes,yes,yes,0,yes,furnished
4370686.831264998,3823.5079546430616,4,1,2,no,yes,yes,yes,no,2,yes,unfurnished
3913666.533358895,5385.399658959786,5,1,3,yes,yes,yes,yes,yes,0,yes,semi-furnished
4883358.077958866,4497.651483268111,3,1,2,no,yes,yes,yes,yes,0,yes,unfurnished
4440291.695395168,5117.558457525719,3,1,1,no,yes,yes,yes,yes,0,yes,unfurnished
4863555.545230723,4060.9469138531185,3,1,1,yes,yes,yes,yes,no,0,yes,unfurnished
4049054.9824536094,4115.71296872823,4,1,1,no,yes,yes,yes,yes,0,yes,unfurnished
4261762.595457327,3397.324882117925,3,1,2,yes,yes,no,yes,yes,0,yes,semi-furnished
3998846.104051054,3489.249795906381,3,1,1,no,yes,no,yes,yes,2,yes,furnished
4120699.132792065,3067.615180550947,4,1,1,yes,yes,yes,yes,yes,0,yes,furnished
4630584.679679717,2412.8567544287203,4,1,2,no,yes,no,yes,yes,0,no,furnished
4090270.594248148,4306.537793348973,2,1,1,no,yes,yes,yes,yes,1,yes,unfurnished
4735084.367542807,5092.645395684914,4,1,2,no,yes,yes,yes,yes,0,yes,unfurnished
4265140.282128981,2793.354286805288,3,1,1,yes,yes,yes,yes,no,0,yes,unfurnished
4438291.743764167,3434.3026655184217,5,1,2,no,yes,no,yes,no,0,yes,unfurnished
4355540.364531352,6441.056867396548,3,1,1,no,no,no,yes,yes,0,yes,furnished
4381254.181895654,3643.945292443501,4,1,2,yes,yes,yes,yes,yes,1,yes,semi-furnished
4211491.268950923,4041.050240944706,4,1,2,no,yes,yes,yes,yes,0,yes,semi-furnished
4187327.8734601284,4376.9368200328,3,1,1,no,yes,yes,yes,yes,0,yes,unfurnished
4741899.100570163,2498.4846803765854,3,1,2,no,yes,no,yes,yes,0,no,furnished
4149424.1589607457,6187.289337028418,4,1,1,no,yes,yes,yes,yes,1,yes,unfurnished
4263575.054011422,4902.3448835473555,2,1,1,yes,yes,yes,yes,yes,0,yes,semi-furnished
3924749.331657343,4274.465989386428,2,1,1,yes,yes,yes,yes,yes,0,yes,unfurnished
4398318.6980555905,3909.787562823023,5,1,2,no,yes,no,yes,yes,0,yes,unfurnished
4311915.4895568,4700.604437112771,3,1,2,no,yes,yes,yes,yes,0,yes,unfurnished
4801352.299451144,2962.5133696592434,3,1,1,no,yes,yes,yes,no,1,yes,unfurnished
4281291.816236008,4667.3609337498165,4,1,1,yes,yes,yes,yes,yes,1,yes,unfurnished
4070253.024815908,3437.47878953104,3,1,2,yes,yes,yes,yes,yes,0,yes,furnished
4186363.6585397194,3834.245456966814,1,1,1,no,yes,yes,yes,yes,0,yes,furnished
4150497.1657694997,4336.149672223901,2,2,1,yes,no,no,yes,yes,1,yes,unfurnished
4184832.7106482247,3765.264629583079,3,1,1,yes,yes,no,yes,yes,0,yes,semi-furnished
3963551.537504571,4404.856691713648,3,1,1,no,yes,yes,yes,yes,2,yes,semi-furnished
3929365.044339915,1950.0727412249034,3,1,2,yes,yes,no,yes,yes,0,yes,unfurnished
3937492.522285352,3808.0106853783827,4,1,2,no,yes,no,yes,yes,0,yes,semi-furnished
4470658.647376925,7021.115232230424,2,1,1,no,yes,yes,yes,yes,0,yes,semi-furnished
3913335.489476359,9339.393207658231,4,1,2,no,yes,yes,yes,yes,2,yes,semi-furnished
4049416.4993609586,3354.68807572963,2,1,1,no,yes,yes,yes,yes,1,yes,unfurnished
3879714.9750253255,4850.067838001947,3,1,2,no,yes,yes,yes,no,0,yes,unfurnished
3733098.680450921,5747.29624352174,3,1,1,no,yes,no,yes,yes,0,yes,unfurnished
4369168.786652347,2601.6651594103973,3,1,1,no,yes,yes,yes,yes,0,no,semi-furnished
3764394.7588811913,3203.348458437675,3,1,1,yes,yes,yes,yes,no,0,yes,unfurnished
4565048.1337021,4187.3861556643305,4,1,2,no,yes,yes,yes,yes,0,yes,unfurnished
3861682.512250334,3815.221904830162,2,1,1,no,yes,yes,yes,yes,0,yes,unfurnished
3941042.85366987,8399.042619630536,2,1,1,no,yes,yes,yes,yes,1,yes,unfurnished
3921932.3634438487,5228.0940576599305,2,1,1,no,yes,no,yes,no,0,yes,unfurnished
4445933.012969977,2494.4976880752597,4,1,2,yes,yes,no,yes,yes,0,yes,semi-furnished
4651181.015304939,3350.1791496094606,2,1,1,no,no,no,yes,yes,0,yes,unfurnished
4179223.1761453026,4822.565650732803,3,1,2,no,yes,yes,no,yes,1,yes,semi-furnished
3727669.949703162,4011.783554623856,3,1,1,no,yes,yes,yes,yes,0,yes,unfurnished
4339712.41394031,3380.6799002758708,4,1,2,yes,yes,yes,yes,yes,0,yes,semi-furnished
4438393.084320611,3587.975444703229,4,1,2,no,yes,yes,yes,yes,2,yes,semi-furnished
3982079.3419812247,3100.957746878733,3,1,1,no,yes,yes,yes,yes,0,yes,semi-furnished
4065310.759687682,4856.575478480304,3,1,1,no,yes,yes,yes,yes,0,yes,furnished
3896177.9789605173,5301.909969371763,4,1,1,yes,yes,yes,yes,yes,0,yes,unfurnished
3252013.3395514097,3930.0125578908146,3,1,2,no,yes,yes,yes,yes,0,yes,unfurnished
4047780.8840143755,3904.1434371082105,4,1,2,no,yes,yes,yes,yes,3,yes,semi-furnished
4198942.935089769,8368.43228160981,2,1,1,no,yes,yes,yes,yes,0,yes,unfurnished
3850101.4478771603,4643.701597630074,5,1,2,yes,yes,yes,yes,yes,1,yes,unfurnished
3800326.1272661914,3366.2503252673628,3,1,2,no,yes,yes,yes,yes,0,yes,semi-furnished
3748512.899430768,6230.554898805104,4,1,2,no,yes,no,yes,yes,1,yes,unfurnished
3917768.814558501,5222.18156040375,2,1,1,no,yes,yes,yes,yes,0,yes,unfurnished
3950691.6120774713,4006.587965904231,3,1,2,yes,yes,yes,yes,yes,1,yes,unfurnished
4018205.748685377,3945.909591982423,4,1,2,yes,yes,yes,yes,yes,0,yes,unfurnished
3888493.5054954602,3741.83684227654,4,1,2,yes,yes,yes,yes,yes,1,yes,semi-furnished
3141038.5131435394,2988.8301567502153,2,1,1,yes,yes,yes,yes,yes,0,yes,furnished
4059036.021030188,3465.076882337098,3,1,2,yes,yes,yes,yes,yes,0,yes,unfurnished
3372569.4877657904,6908.184976854486,3,1,2,no,yes,yes,yes,yes,0,yes,semi-furnished
3882770.2068023975,3379.0120547312767,2,1,1,yes,yes,yes,yes,yes,0,yes,unfurnished
3557545.943533597,3958.435774802857,3,1,1,no,yes,yes,yes,yes,0,yes,unfurnished
3990760.4342115186,6338.782973754059,2,1,1,no,yes,yes,yes,yes,0,yes,semi-furnished
3916734.700527841,5680.848113086864,4,1,2,no,yes,yes,yes,yes,0,yes,unfurnished
3732246.3035925254,5534.538451711042,4,1,3,no,yes,yes,yes,yes,0,yes,unfurnished
3618390.2795697087,3584.966162207358,3,1,2,yes,yes,yes,yes,yes,1,yes,semi-furnished
3427684.188606662,4671.935439438364,3,1,2,yes,yes,yes,no,yes,1,yes,unfurnished
3550447.7230188563,2943.903620791725,3,1,1,yes,yes,yes,yes,yes,1,yes,furnished
3939244.1027273783,2928.2550299051913,3,1,2,no,yes,no,yes,yes,1,yes,unfurnished
3633990.1563492827,4263.401788112088,4,1,1,no,yes,yes,yes,yes,0,yes,furnished
3296970.316206651,7079.793787366843,3,1,1,no,yes,yes,yes,yes,0,yes,unfurnished
3246856.7855692655,4337.504964289061,4,1,2,no,yes,yes,yes,yes,1,yes,unfurnished
3447091.4184057266,4284.7344740449535,2,1,1,no,yes,yes,yes,yes,0,yes,unfurnished
3435324.204448566,4380.150123534985,3,1,1,no,yes,yes,yes,yes,0,yes,unfurnished
3291365.5628095204,2257.1617957005933,2,1,2,no,yes,yes,yes,yes,0,yes,semi-furnished
3233804.828066026,3920.392512200786,4,3,2,yes,no,yes,yes,yes,0,yes,unfurnished
3337083.500837747,3129.396285805462,4,1,1,no,yes,yes,yes,yes,0,yes,unfurnished
3219610.6298709656,2759.3523242821334,4,1,1,yes,yes,yes,yes,yes,0,yes,unfurnished
3472784.9131316836,3728.3820725186265,2,1,1,no,yes,yes,yes,yes,1,yes,semi-furnished
3694180.130011673,4338.342882793189,4,1,1,no,yes,yes,yes,yes,0,yes,semi-furnished
3276257.665685165,3497.6827851802964,3,1,1,no,yes,yes,yes,no,0,yes,unfurnished
3700543.028575932,4317.56723920217,3,1,2,no,yes,yes,yes,no,0,yes,unfurnished
3508278.189433549,3192.5650243595837,3,1,1,yes,yes,yes,yes,yes,0,yes,unfurnished
3734010.4643945214,3963.7349561632295,2,1,1,no,yes,yes,yes,yes,0,yes,unfurnished
2998512.8905305215,4713.0545946356415,2,1,1,no,yes,yes,yes,yes,0,yes,unfurnished
3403828.9987287987,3895.7223331805267,3,2,2,no,yes,no,yes,yes,1,yes,furnished
3271775.569686258,3240.15575725649,4,1,1,yes,yes,yes,yes,yes,0,yes,unfurnished
3281646.406458444,3491.5693386726216,4,1,1,yes,yes,yes,yes,yes,0,yes,unfurnished
3321042.3581852196,3204.3977726335656,2,1,2,no,yes,yes,yes,yes,0,yes,furnished
2994637.7945537744,4814.055086170434,4,1,2,no,yes,yes,yes,yes,0,yes,unfurnished
3733163.7880600826,3306.7842234758655,4,1,2,yes,yes,yes,yes,yes,0,yes,semi-furnished
3013810.808896637,3537.937778015495,4,1,2,no,yes,no,yes,yes,0,yes,unfurnished
3286155.924886722,3519.2529894597365,2,1,1,yes,no,yes,yes,yes,1,yes,unfurnished
3116050.441553254,3230.910212442227,3,1,1,no,yes,yes,yes,yes,1,yes,unfurnished
3329921.4300383967,3849.7112990051387,3,1,1,no,no,yes,yes,yes,0,yes,unfurnished
3750532.8036742867,5191.51089368103,3,1,2,no,yes,yes,yes,yes,0,yes,unfurnished
3314610.44948867,8028.921668871536,2,1,1,no,yes,yes,yes,yes,0,yes,unfurnished
2982170.3655166794,3870.963572671906,3,1,1,yes,yes,yes,yes,yes,0,yes,unfurnished
3022462.082353406,2798.0549436164665,3,1,2,no,yes,yes,yes,yes,0,yes,furnished
2947151.4113384034,3061.129856605933,5,2,2,no,yes,yes,yes,yes,0,yes,furnished
3090269.40251957,3496.2943105604672,2,1,1,no,yes,yes,yes,yes,0,yes,unfurnished
3222059.035945036,3881.1074854526414,3,1,1,no,yes,yes,yes,yes,0,yes,unfurnished
3133425.552099174,3431.41558577424,2,1,1,no,yes,yes,yes,yes,0,yes,unfurnished
3459335.2571188672,2163.21089337357,3,1,1,yes,yes,no,yes,yes,0,yes,semi-furnished
2955002.573488697,4299.224188605803,2,1,1,yes,yes,yes,yes,yes,0,yes,unfurnished
3023201.409909528,4290.445551301566,3,1,2,no,yes,no,yes,yes,0,yes,unfurnished
2986439.8584024427,2263.475886753182,3,1,1,yes,yes,yes,no,yes,0,yes,unfurnished
2955134.4406431825,5523.572187336571,4,1,1,yes,yes,yes,yes,no,0,no,unfurnished
2706358.6964557306,3331.2162047527067,2,1,1,yes,yes,yes,yes,yes,0,yes,unfurnished
2424608.4026267626,2612.1594291603615,4,1,2,no,yes,yes,yes,yes,0,yes,unfurnished
2497677.8337065806,3282.1159910289425,5,1,2,no,yes,yes,yes,yes,0,yes,unfurnished
2739662.9359221873,3645.2599328405217,2,1,1,no,yes,yes,yes,yes,1,yes,unfurnished
2400198.688067945,3744.0139803941674,6,1,2,yes,yes,yes,yes,yes,0,yes,unfurnished
2554234.9219699,2002.727211468172,4,1,2,no,yes,yes,yes,yes,0,yes,unfurnished
2508264.6273285947,3965.7364452273787,3,1,1,no,yes,yes,yes,yes,0,yes,unfurnished
2439059.3733157604,3230.130085275541,3,1,1,yes,yes,yes,yes,yes,1,yes,unfurnished
2563736.7549354164,3401.014801695739,3,1,1,no,yes,no,yes,yes,2,yes,unfurnished
2351771.734981655,2743.562596132333,3,1,1,yes,yes,yes,yes,yes,0,yes,semi-furnished
2112671.558019245,3799.834502669227,2,1,1,no,yes,yes,yes,yes,0,yes,unfurnished
2234842.614556269,3273.446494590422,4,1,1,yes,yes,yes,yes,yes,0,yes,furnished
2518900.3331208425,4103.8828925875805,4,1,2,no,yes,yes,yes,yes,0,yes,unfurnished
